{
  "main": {
    "id": "b4f793a0e2d90776",
    "type": "split",
    "children": [
      {
        "id": "aae56b691b65c5ff",
        "type": "tabs",
        "children": [
          {
            "id": "e90a458e16ab4919",
            "type": "leaf",
            "state": {
              "type": "markdown",
              "state": {
                "file": "Lore/Genesis.md",
                "mode": "source",
                "source": false
              },
              "icon": "lucide-file",
              "title": "Genesis"
            }
          }
        ]
      }
    ],
    "direction": "vertical"
  },
  "left": {
    "id": "df687a24460d982b",
    "type": "split",
    "children": [
      {
        "id": "59ba8d7cda99b9c5",
        "type": "tabs",
        "children": [
          {
            "id": "4be173034b97986d",
            "type": "leaf",
            "state": {
              "type": "file-explorer",
              "state": {
                "sortOrder": "alphabetical",
                "autoReveal": false
              },
              "icon": "lucide-folder-closed",
              "title": "Files"
            }
          },
          {
            "id": "a7fb7ecc895cbcae",
            "type": "leaf",
            "state": {
              "type": "search",
              "state": {
                "query": "",
                "matchingCase": false,
                "explainSearch": false,
                "collapseAll": false,
                "extraContext": false,
                "sortOrder": "alphabetical"
              },
              "icon": "lucide-search",
              "title": "Search"
            }
          },
          {
            "id": "6f674d268881fba4",
            "type": "leaf",
            "state": {
              "type": "bookmarks",
              "state": {},
              "icon": "lucide-bookmark",
              "title": "Bookmarks"
            }
          }
        ]
      }
    ],
    "direction": "horizontal",
    "width": 300
  },
  "right": {
    "id": "732a84f06e11cc4c",
    "type": "split",
    "children": [
      {
        "id": "746a9f0115588e42",
        "type": "tabs",
        "children": [
          {
            "id": "005fea447638583b",
            "type": "leaf",
            "state": {
              "type": "backlink",
              "state": {
                "file": "Lore/Fellowships/Dawnbringers.md",
                "collapseAll": false,
                "extraContext": false,
                "sortOrder": "alphabetical",
                "showSearch": false,
                "searchQuery": "",
                "backlinkCollapsed": false,
                "unlinkedCollapsed": true
              },
              "icon": "links-coming-in",
              "title": "Backlinks for Dawnbringers"
            }
          },
          {
            "id": "1cb9600bce31607a",
            "type": "leaf",
            "state": {
              "type": "outgoing-link",
              "state": {
                "file": "Lore/Greater_Deities/Atotz.md",
                "linksCollapsed": false,
                "unlinkedCollapsed": true
              },
              "icon": "links-going-out",
              "title": "Outgoing links from Atotz"
            }
          },
          {
            "id": "f38ff50010f67bb0",
            "type": "leaf",
            "state": {
              "type": "tag",
              "state": {
                "sortOrder": "frequency",
                "useHierarchy": true,
                "showSearch": false,
                "searchQuery": ""
              },
              "icon": "lucide-tags",
              "title": "Tags"
            }
          },
          {
            "id": "65306803e76fbbd5",
            "type": "leaf",
            "state": {
              "type": "outline",
              "state": {
                "file": "Lore/Greater_Deities/Atotz.md",
                "followCursor": false,
                "showSearch": false,
                "searchQuery": ""
              },
              "icon": "lucide-list",
              "title": "Outline of Atotz"
            }
          }
        ]
      }
    ],
    "direction": "horizontal",
    "width": 300,
    "collapsed": true
  },
  "left-ribbon": {
    "hiddenItems": {
      "switcher:Open quick switcher": false,
      "graph:Open graph view": false,
      "canvas:Create new canvas": false,
      "daily-notes:Open today's daily note": false,
      "templates:Insert template": false,
      "command-palette:Open command palette": false,
      "templater-obsidian:Templater": false,
      "obsidian-textgenerator-plugin:Generate Text!": false,
      "obsidian-textgenerator-plugin:Text Generator: Templates Packages Manager": false
    }
  },
  "active": "e90a458e16ab4919",
  "lastOpenFiles": [
    "Lore/Fellowships/Warders_of_the_Gate.md",
    "Lore/Fellowships/Sisters_of_Stillwater.md",
    "Lore/Fellowships/Lachrymists.md",
    "Lore/Fellowships/Emberwilds.md",
    "Lore/Fellowships/Echoes_of_Lunessa.md",
    "Lore/Fellowships/Echobinders.md",
    "Lore/Fellowships/Dawnbringers.md",
    "Lore/Fellowships/Dragons_of_Smoke.md",
    "Lore/Fellowships/Dark_Hand.md",
    "Lore/Fellowships/Dancers_of_the_Oak.md",
    "Lore/Fellowships/Cloudchasers.md",
    "Lore/Fellowships/Circle_of_the_Folded_Veil.md",
    "Lore/Fellowships/Cinderscribes.md",
    "Lore/Fellowships/Children_of_the_Second_Tongue.md",
    "Lore/Fellowships/Children_of_Shard-Flesh.md",
    "Lore/Fellowships/Burning_Sons.md",
    "Lore/Fellowships/Bladed_Veil.md",
    "Lore/Fellowships/Attendants_of_the_Rapture.md",
    "Lore/Fellowships/Ashen_Circle.md",
    "Lore/Fellowships/Accorded_Eyes.md",
    "Lore/Gods.md",
    "Templates/Run Generate Lore Context.md",
    "Lore/Timeline.md",
    "Lore/Symbols.md",
    "Lore/Malkoros_Calendar.md",
    "Lore/Granted_Powers.md",
    "Templates/New Text Document.txt",
    "Scripts/generate_lore_context.js",
    "Scripts/New Text Document.txt",
    "Templates/New folder",
    "Scripts/fellowship_backlinker.js",
    "Malkoros_Vault.zip",
    "Campaigns.zip~RF290efe54.TMP",
    "Campaigns.zip",
    "textgenerator/templates",
    "textgenerator/New folder"
  ]
}